"Importance","model","Variable"
100,"Random Forest","air_time16"
96.5098149370015,"Random Forest","paper_time23"
95.8296049903756,"Random Forest","air_time6"
92.6179205041506,"Random Forest","air_time2"
84.2507786047329,"Random Forest","paper_time17"
78.6233516694324,"Random Forest","paper_time8"
73.3882131506502,"Random Forest","paper_time6"
56.5610689508624,"Random Forest","air_time15"
51.4746377344351,"Random Forest","air_time5"
50.2144591049374,"Random Forest","air_time7"
100,"SVM","air_time2"
91.887417218543,"SVM","air_time6"
87.2516556291391,"SVM","air_time15"
86.4238410596027,"SVM","paper_time17"
86.2582781456954,"SVM","paper_time23"
85.7615894039735,"SVM","air_time16"
82.0364238410596,"SVM","paper_time8"
76.0761589403973,"SVM","air_time7"
60.2649006622517,"SVM","air_time5"
59.1059602649007,"SVM","paper_time6"
100,"Neural Network","air_time16"
71.7289964386343,"Neural Network","air_time6"
51.6661738637865,"Neural Network","air_time2"
49.2637820820389,"Neural Network","paper_time8"
45.185085319783,"Neural Network","paper_time17"
44.3434393025337,"Neural Network","paper_time6"
39.4322612205238,"Neural Network","paper_time23"
31.2706720499542,"Neural Network","air_time15"
30.7919314975028,"Neural Network","air_time9"
15.3714405761955,"Neural Network","air_time5"
